away,away_score,date,draft_kings,home,home_score,lasso,linear,predict_kp,rf,score
Wisconsin,54.0,2021-01-12,3.5,Michigan,77.0,-7.0,-8.0,1,-16.0,23.0
Kansas,70.0,2021-01-12,-3.5,Oklahoma St.,75.0,-3.0,-2.0,-1,-4.0,5.0
Duke,67.0,2021-01-12,-1.0,Virginia Tech,74.0,-6.0,-2.0,1,-6.0,7.0
Alabama,85.0,2021-01-12,3.0,Kentucky,65.0,1.0,2.0,1,-4.0,-20.0
Syracuse,75.0,2021-01-12,4.5,North Carolina,81.0,6.0,4.0,3,-4.0,6.0
Mississippi,63.0,2021-01-12,3.0,Florida,72.0,5.0,0.0,4,-4.0,9.0
Providence,69.0,2021-01-12,4.0,Marquette,79.0,-6.0,1.0,3,-4.0,10.0
Miami FL,62.0,2021-01-12,-2.0,Boston College,84.0,-1.0,-1.0,-2,-5.0,22.0
Butler,57.0,2021-01-12,2.0,St. John's,69.0,-2.0,1.0,2,-6.0,12.0
TCU,46.0,2021-01-12,6.5,Oklahoma,82.0,2.0,0.0,7,-3.0,36.0
Ball St.,88.0,2021-01-12,8.0,Bowling Green,64.0,1.0,2.0,7,2.0,-24.0
Kent St.,94.0,2021-01-12,-8.0,Central Michigan,85.0,-12.0,-12.0,-5,-2.0,-9.0
Miami OH,61.0,2021-01-12,9.5,Ohio,78.0,-1.0,-2.0,7,-3.0,17.0
Eastern Michigan,63.0,2021-01-12,9.0,Toledo,96.0,5.0,9.0,11,1.0,33.0
Saint Joseph's,66.0,2021-01-12,14.0,Davidson,80.0,2.0,10.0,11,-6.0,14.0
Alabama St.,64.0,2021-01-12,-9.0,Mississippi Valley St.,51.0,4.0,-0.0,-5,2.0,-13.0
Akron,65.0,2021-01-12,-8.0,Northern Illinois,67.0,-7.0,-7.0,-8,0.0,2.0
Alcorn St.,74.0,2021-01-12,7.5,Grambling St.,79.0,15.0,23.0,7,2.0,5.0
UC Riverside,62.0,2021-01-12,14.0,USC,67.0,21.0,0.0,17,-10.0,5.0
Tulsa,53.0,2021-01-13,4.0,Wichita St.,72.0,-5.0,3.0,1,1.0,19.0
La Salle,75.0,2021-01-13,4.5,George Mason,42.0,-6.0,-2.0,2,-3.0,-33.0
Texas A&M Corpus Chris,63.0,2021-01-13,1.5,Southeastern Louisiana,76.0,-3.0,3.0,-1,19.0,13.0
Mercer,80.0,2021-01-13,-1.0,Chattanooga,83.0,-0.0,6.0,1,-1.0,3.0
Duquesne,63.0,2021-01-13,6.5,Dayton,72.0,-7.0,-7.0,5,8.0,9.0
Central Arkansas,69.0,2021-01-13,8.5,Stephen F. Austin,95.0,6.0,-6.0,7,18.0,26.0
St. Bonaventure,68.0,2021-01-13,-11.5,Fordham,54.0,6.0,2.0,-10,7.0,-14.0
New Mexico,72.0,2021-01-13,-2.5,Dixie St.,63.0,-12.0,-9.0,-1,-5.0,-9.0
Texas Tech,79.0,2021-01-13,2.5,Texas,77.0,1.0,-27.0,4,13.0,-2.0
Arkansas,76.0,2021-01-13,1.5,LSU,92.0,38.0,51.0,3,12.0,16.0
Nicholls St.,76.0,2021-01-13,-5.5,Northwestern St.,66.0,14.0,12.0,-4,9.0,-10.0
VCU,84.0,2021-01-13,-11.5,George Washington,77.0,-10.0,6.0,-10,-6.0,-7.0
Furman,94.0,2021-01-13,-14.0,The Citadel,88.0,-10.0,-3.0,-15,3.0,-6.0
McNeese St.,61.0,2021-01-13,-2.0,Incarnate Word,83.0,-7.0,-21.0,-1,4.0,22.0
Wofford,80.0,2021-01-13,-5.0,VMI,78.0,-15.0,-28.0,-4,0.0,-2.0
Lamar,71.0,2021-01-13,8.0,Sam Houston St.,96.0,5.0,8.0,7,8.0,25.0
Boise St.,90.0,2021-01-13,-10.0,Wyoming,70.0,5.0,-68.0,-9,18.0,-20.0
Texas A&M,56.0,2021-01-13,6.5,Mississippi St.,55.0,-4.0,-0.0,6,11.0,-1.0
Notre Dame,68.0,2021-01-13,9.5,Virginia,80.0,-16.0,16.0,10,-7.0,12.0
Louisville,77.0,2021-01-13,-7.5,Wake Forest,65.0,6.0,12.0,-8,8.0,-12.0
Rhode Island,78.0,2021-01-13,-2.5,Massachusetts,80.0,-29.0,-78.0,-2,1.0,2.0
Northwestern,71.0,2021-01-13,8.0,Ohio St.,81.0,-7.0,-42.0,8,2.0,10.0
Auburn,95.0,2021-01-13,1.0,Georgia,77.0,-6.0,-30.0,1,-8.0,-18.0
N.C. State,73.0,2021-01-13,4.0,Florida St.,105.0,-25.0,-10.0,4,15.0,32.0
Purdue,81.0,2021-01-14,3.5,Indiana,69.0,-0.0,39.0,3,-5.0,-12.0
San Diego St.,45.0,2021-01-14,1.0,Utah St.,57.0,-16.0,-34.0,1,6.0,12.0
Stanford,65.0,2021-01-14,-1.0,Utah,79.0,2.0,21.0,-2,0.0,14.0
BYU,62.0,2021-01-14,-0.5,Saint Mary's,52.0,-5.0,-24.0,1,8.0,-10.0
Arizona,98.0,2021-01-14,-8.0,Oregon St.,64.0,-20.0,-13.0,-7,-5.0,-34.0
UCF,55.0,2021-01-14,-3.5,Temple,62.0,10.0,32.0,-3,6.0,7.0
Santa Clara,58.0,2021-01-14,-3.0,Pacific,79.0,-26.0,-93.0,1,11.0,21.0
Washington St.,61.0,2021-01-14,9.0,UCLA,91.0,11.0,-18.0,12,7.0,30.0
Southern Utah,63.0,2021-01-14,5.5,Eastern Washington,75.0,0.0,-49.0,6,-12.0,12.0
Bryant,82.0,2021-01-14,-6.0,St. Francis PA,89.0,5.0,11.0,-3,1.0,7.0
UNC Greensboro,87.0,2021-01-14,-6.5,Samford,63.0,-23.0,-100.0,-6,-4.0,-24.0
Florida Atlantic,,2021-01-14,5.0,FIU,,-3.0,-59.0,6,-6.0,
Washington,68.0,2021-01-14,14.0,USC,95.0,-1.0,-31.0,15,13.0,27.0
Hampton,69.0,2021-01-14,4.5,USC Upstate,68.0,8.0,2.0,4,-3.0,-1.0
California,60.0,2021-01-14,15.0,Colorado,89.0,16.0,0.0,15,19.0,29.0
Morehead St.,87.0,2021-01-14,6.0,Eastern Illinois,61.0,3.0,27.0,6,11.0,-26.0
Merrimack,57.0,2021-01-14,3.5,Mount St. Mary's,77.0,-6.0,-3.0,4,2.0,20.0
Tennessee St.,64.0,2021-01-14,6.5,Jacksonville St.,65.0,-11.0,-3.0,6,15.0,1.0
Northern Colorado,74.0,2021-01-14,-6.0,Idaho,54.0,-2.0,-47.0,-7,3.0,-20.0
Portland St.,64.0,2021-01-14,6.5,Montana St.,71.0,-18.0,-120.0,9,-4.0,7.0
Pepperdine,70.0,2021-01-14,25.5,Gonzaga,95.0,23.0,-59.0,25,5.0,25.0
San Francisco,79.0,2021-01-14,-13.0,Portland,63.0,-2.0,13.0,-12,2.0,-16.0
Charleston Southern,54.0,2021-01-14,10.0,UNC Asheville,92.0,-2.0,-36.0,9,5.0,38.0
Presbyterian,46.0,2021-01-14,7.5,Campbell,48.0,4.0,19.0,9,0.0,2.0
Belmont,88.0,2021-01-14,-12.5,Tennessee Tech,67.0,1.0,23.0,-13,1.0,-21.0
Northern Arizona,56.0,2021-01-14,12.5,Montana,67.0,11.0,5.0,12,9.0,11.0
Colorado St.,90.0,2021-01-14,-19.0,San Jose St.,57.0,10.0,72.0,-16,2.0,-33.0
Longwood,61.0,2021-01-14,16.5,Winthrop,72.0,-2.0,-52.0,15,16.0,11.0
Marshall,73.0,2021-01-15,3.5,Western Kentucky,81.0,8.0,-8.0,1,-8.0,8.0
Bowling Green,76.0,2021-01-15,4.5,Buffalo,69.0,5.0,17.0,4,2.0,-7.0
Duquesne,48.0,2021-01-15,8.5,St. Bonaventure,62.0,6.0,9.0,7,13.0,14.0
UAB,61.0,2021-01-15,1.5,Charlotte,37.0,-16.0,-24.0,-2,-6.0,-24.0
Old Dominion,59.0,2021-01-15,-3.0,Rice,69.0,0.0,3.0,-3,-0.0,10.0
Texas St.,63.0,2021-01-15,5.5,Little Rock,59.0,19.0,38.0,4,7.0,-4.0
Louisiana,86.0,2021-01-15,3.5,UT Arlington,91.0,-2.0,-13.0,2,-11.0,5.0
Cal St. Bakersfield,60.0,2021-01-15,2.0,Hawaii,55.0,-12.0,12.0,-2,-6.0,-5.0
UTEP,33.0,2021-01-15,6.0,North Texas,63.0,-1.0,-13.0,6,-6.0,30.0
Fresno St.,57.0,2021-01-15,6.5,Nevada,73.0,-3.0,-5.0,6,-12.0,16.0
Bryant,72.0,2021-01-15,-6.0,St. Francis PA,63.0,-1.0,9.0,-3,0.0,-9.0
Appalachian St.,64.0,2021-01-15,2.5,South Alabama,73.0,9.0,7.0,1,-10.0,9.0
Purdue Fort Wayne,81.0,2021-01-15,3.0,Milwaukee,72.0,-16.0,-40.0,2,7.0,-9.0
Youngstown St.,65.0,2021-01-15,2.5,Oakland,82.0,4.0,-11.0,-1,-7.0,17.0
Robert Morris,53.0,2021-01-15,3.5,Illinois Chicago,67.0,-7.0,12.0,2,13.0,14.0
Liberty,59.0,2021-01-15,-10.0,Stetson,65.0,-2.0,-13.0,-7,-7.0,6.0
Hofstra,56.0,2021-01-15,-6.0,Delaware,74.0,-7.0,-15.0,-4,-7.0,18.0
Cal St. Northridge,,2021-01-15,-1.5,Long Beach St.,,-9.0,-28.0,2,-11.0,
LIU,74.0,2021-01-15,-2.0,Wagner,76.0,-2.0,0.0,1,-6.0,2.0
Utah Valley,93.0,2021-01-15,2.0,Seattle,92.0,-9.0,-21.0,1,-5.0,-1.0
Green Bay,61.0,2021-01-15,3.0,Detroit,86.0,11.0,22.0,3,2.0,25.0
Middle Tennessee,54.0,2021-01-15,-1.0,Southern Miss,84.0,-14.0,-31.0,-2,-11.0,30.0
Cleveland St.,66.0,2021-01-15,9.5,Wright St.,64.0,3.0,9.0,10,-8.0,-2.0
Louisiana Monroe,72.0,2021-01-15,2.0,Arkansas St.,74.0,11.0,-9.0,2,2.0,2.0
UTSA,66.0,2021-01-15,8.5,Louisiana Tech,77.0,2.0,-3.0,9,11.0,11.0
North Dakota St.,62.0,2021-01-15,-5.0,North Dakota,45.0,-4.0,-0.0,-5,-15.0,-17.0
Bellarmine,74.0,2021-01-15,3.0,Florida Gulf Coast,60.0,13.0,9.0,4,11.0,-14.0
Niagara,49.0,2021-01-15,-2.0,Manhattan,58.0,-4.0,1.0,-3,4.0,9.0
Troy,64.0,2021-01-15,6.5,Georgia Southern,67.0,17.0,25.0,4,-9.0,3.0
Hampton,84.0,2021-01-15,4.0,USC Upstate,74.0,3.0,-17.0,4,-9.0,-10.0
Tarleton St.,74.0,2021-01-15,5.0,Cal Baptist,83.0,12.0,0.0,5,11.0,9.0
North Florida,72.0,2021-01-15,6.5,Lipscomb,84.0,4.0,-7.0,7,1.0,12.0
IUPUI,74.0,2021-01-15,8.0,Northern Kentucky,69.0,21.0,26.0,6,2.0,-5.0
North Alabama,66.0,2021-01-15,-3.5,Kennesaw St.,43.0,-7.0,-11.0,-5,-1.0,-23.0
Merrimack,52.0,2021-01-15,3.5,Mount St. Mary's,63.0,11.0,9.0,6,13.0,11.0
Dixie St.,49.0,2021-01-15,6.5,UT Rio Grande Valley,82.0,9.0,7.0,8,8.0,33.0
UC Riverside,86.0,2021-01-15,-9.0,Cal Poly,51.0,-11.0,-16.0,-8,-14.0,-35.0
Fairfield,63.0,2021-01-15,5.5,Marist,73.0,-2.0,-7.0,7,-7.0,10.0
Oral Roberts,88.0,2021-01-15,-11.5,Denver,84.0,-13.0,-29.0,-10,-0.0,-4.0
Presbyterian,51.0,2021-01-15,8.0,Campbell,73.0,6.0,10.0,8,-2.0,22.0
Charleston Southern,75.0,2021-01-15,12.5,UNC Asheville,83.0,16.0,24.0,11,17.0,8.0
Longwood,50.0,2021-01-15,16.0,Winthrop,70.0,6.0,1.0,15,-0.0,20.0
Baylor,68.0,2021-01-16,-4.5,Texas Tech,60.0,-3.0,3.0,-4,8.0,-8.0
Michigan,57.0,2021-01-16,-5.5,Minnesota,75.0,-2.0,1.0,-4,9.0,18.0
Ohio St.,87.0,2021-01-16,6.5,Illinois,81.0,6.0,3.0,5,12.0,-6.0
Arkansas,59.0,2021-01-16,2.0,Alabama,90.0,4.0,4.0,4,14.0,31.0
Virginia,85.0,2021-01-16,-2.0,Clemson,50.0,10.0,17.0,2,7.0,-35.0
North Carolina,75.0,2021-01-16,4.5,Florida St.,82.0,5.0,8.0,3,14.0,7.0
San Diego St.,59.0,2021-01-16,3.5,Utah St.,64.0,0.0,-2.0,2,5.0,5.0
Florida,69.0,2021-01-16,-1.0,Mississippi St.,72.0,3.0,6.0,-2,13.0,3.0
Syracuse,76.0,2021-01-16,-4.5,Pittsburgh,96.0,-3.0,-7.0,-2,5.0,20.0
Kentucky,59.0,2021-01-16,3.0,Auburn,66.0,4.0,-2.0,-1,5.0,7.0
Louisville,72.0,2021-01-16,-3.5,Miami FL,78.0,-4.0,-5.0,-4,5.0,6.0
Stanford,64.0,2021-01-16,7.5,Colorado,77.0,11.0,7.0,6,24.0,13.0
Marquette,73.0,2021-01-16,-2.5,St. John's,71.0,2.0,-0.0,-2,4.0,-2.0
BYU,72.0,2021-01-16,-1.5,San Francisco,63.0,-0.0,6.0,-1,0.0,-9.0
South Carolina,80.0,2021-01-16,7.5,LSU,85.0,11.0,-3.0,8,15.0,5.0
Missouri,68.0,2021-01-16,-4.5,Texas A&M,52.0,2.0,8.0,-3,6.0,-16.0
Boston College,70.0,2021-01-16,5.0,Notre Dame,80.0,10.0,18.0,3,8.0,10.0
Creighton,66.0,2021-01-16,-8.0,Butler,70.0,-6.0,2.0,-9,2.0,4.0
Gonzaga,73.0,2021-01-16,-15.0,Saint Mary's,59.0,-17.0,-25.0,-13,-1.0,-14.0
Toledo,94.0,2021-01-16,-3.5,Akron,95.0,-9.0,-13.0,-5,-3.0,1.0
Georgia,78.0,2021-01-16,8.0,Mississippi,74.0,7.0,7.0,8,8.0,-4.0
Kent St.,89.0,2021-01-16,3.0,Ohio,79.0,5.0,1.0,4,-6.0,-10.0
Arizona St.,79.0,2021-01-16,-6.0,Oregon St.,80.0,4.0,-1.0,-6,-5.0,1.0
Loyola Marymount,49.0,2021-01-16,1.0,Pacific,58.0,-1.0,3.0,2,-1.0,9.0
Davidson,77.0,2021-01-16,-8.5,La Salle,53.0,-12.0,-22.0,-5,-3.0,-24.0
Wofford,77.0,2021-01-16,-2.0,Chattanooga,59.0,3.0,9.0,-1,-1.0,-18.0
UAB,55.0,2021-01-16,-2.5,Charlotte,70.0,-10.0,-10.0,-5,-15.0,15.0
Old Dominion,61.0,2021-01-16,-3.5,Rice,58.0,3.0,-3.0,-2,8.0,-3.0
Coastal Carolina,68.0,2021-01-16,7.0,Georgia St.,71.0,2.0,-1.0,6,5.0,3.0
Texas St.,67.0,2021-01-16,4.0,Little Rock,56.0,9.0,13.0,3,-4.0,-11.0
Temple,65.0,2021-01-16,1.0,Tulane,57.0,3.0,-2.0,-1,6.0,-8.0
George Mason,60.0,2021-01-16,7.0,Rhode Island,80.0,6.0,5.0,8,1.0,20.0
Louisiana,68.0,2021-01-16,3.5,UT Arlington,51.0,5.0,-2.0,3,-2.0,-17.0
Northern Iowa,57.0,2021-01-16,9.5,Loyola Chicago,72.0,14.0,10.0,11,5.0,15.0
Eastern Kentucky,93.0,2021-01-16,-0.5,Eastern Illinois,85.0,3.0,8.0,-1,-5.0,-8.0
Cal St. Bakersfield,83.0,2021-01-16,1.0,Hawaii,72.0,-8.0,-5.0,-2,-20.0,-11.0
Northeastern,67.0,2021-01-16,-1.0,Charleston,62.0,5.0,12.0,-2,-18.0,-5.0
FIU,63.0,2021-01-16,-0.5,Florida Atlantic,107.0,1.0,-1.0,-1,0.0,44.0
Western Carolina,76.0,2021-01-16,6.5,Mercer,78.0,5.0,4.0,5,6.0,2.0
Liberty,68.0,2021-01-16,-7.0,Stetson,58.0,-4.0,-2.0,-5,-2.0,-10.0
Purdue Fort Wayne,81.0,2021-01-16,2.5,Milwaukee,74.0,-6.0,-19.0,2,0.0,-7.0
Nicholls St.,74.0,2021-01-16,-3.5,Central Arkansas,72.0,-2.0,7.0,-2,-2.0,-2.0
Eastern Michigan,64.0,2021-01-16,-0.5,Central Michigan,75.0,12.0,20.0,1,16.0,11.0
Belmont,98.0,2021-01-16,-5.5,Jacksonville St.,91.0,-11.0,-14.0,-6,-14.0,-7.0
Indiana St.,73.0,2021-01-16,-4.5,Illinois St.,65.0,-4.0,-11.0,-4,0.0,-8.0
Cleveland St.,49.0,2021-01-16,8.0,Wright St.,85.0,5.0,1.0,7,-4.0,36.0
Appalachian St.,83.0,2021-01-16,2.0,South Alabama,77.0,10.0,11.0,2,17.0,-6.0
East Tennessee St.,66.0,2021-01-16,10.0,Furman,78.0,14.0,17.0,9,11.0,12.0
Youngstown St.,74.0,2021-01-16,3.0,Oakland,81.0,8.0,9.0,2,13.0,7.0
Army,79.0,2021-01-16,1.5,Boston University,59.0,2.0,5.0,2,2.0,-20.0
Wyoming,69.0,2021-01-16,-2.5,Air Force,72.0,4.0,12.0,-1,-1.0,3.0
Southern Utah,99.0,2021-01-16,5.5,Eastern Washington,94.0,1.0,2.0,7,-1.0,-5.0
UTEP,65.0,2021-01-16,8.0,North Texas,74.0,10.0,8.0,8,8.0,9.0
Utah Valley,,2021-01-16,1.5,Seattle,,-2.0,-6.0,1,-10.0,
Robert Morris,62.0,2021-01-16,4.0,Illinois Chicago,66.0,-2.0,5.0,3,11.0,4.0
James Madison,81.0,2021-01-16,2.0,Towson,72.0,4.0,7.0,4,3.0,-9.0
California,72.0,2021-01-16,11.5,Utah,63.0,19.0,23.0,10,11.0,-9.0
Bellarmine,80.0,2021-01-16,1.5,Florida Gulf Coast,63.0,1.0,-7.0,2,-2.0,-17.0
Middle Tennessee,59.0,2021-01-16,2.5,Southern Miss,64.0,-1.0,-1.0,2,-1.0,5.0
Loyola MD,75.0,2021-01-16,6.0,Lafayette,77.0,107.0,406.0,5,8.0,2.0
New Hampshire,81.0,2021-01-16,3.0,Stony Brook,64.0,-1.0,-1.0,3,0.0,-17.0
UNC Greensboro,82.0,2021-01-16,-7.0,Samford,70.0,-9.0,-7.0,-7,-5.0,-12.0
Louisiana Monroe,72.0,2021-01-16,2.0,Arkansas St.,93.0,6.0,11.0,2,4.0,21.0
UTSA,66.0,2021-01-16,8.0,Louisiana Tech,82.0,7.0,3.0,9,10.0,16.0
Hartford,70.0,2021-01-16,5.5,UMBC,63.0,4.0,-2.0,6,8.0,-7.0
Tennessee St.,71.0,2021-01-16,-1.5,Tennessee Tech,74.0,-4.0,-5.0,-1,-6.0,3.0
Morehead St.,64.0,2021-01-16,-1.5,Southeast Missouri St.,50.0,-4.0,-4.0,-2,-14.0,-14.0
Niagara,55.0,2021-01-16,-1.5,Manhattan,58.0,-4.0,-4.0,-2,6.0,3.0
Lehigh,70.0,2021-01-16,4.0,Bucknell,75.0,3.0,-11.0,4,12.0,5.0
Valparaiso,58.0,2021-01-16,9.0,DePaul,77.0,14.0,16.0,10,10.0,19.0
The Citadel,103.0,2021-01-16,4.0,VMI,110.0,3.0,-3.0,6,4.0,7.0
Washington St.,77.0,2021-01-16,12.5,USC,85.0,14.0,16.0,14,10.0,8.0
IUPUI,65.0,2021-01-16,7.0,Northern Kentucky,63.0,9.0,2.0,5,13.0,-2.0
UC San Diego,53.0,2021-01-16,12.0,UC Santa Barbara,84.0,21.0,19.0,8,20.0,31.0
Troy,56.0,2021-01-16,5.5,Georgia Southern,63.0,9.0,15.0,3,6.0,7.0
Green Bay,65.0,2021-01-16,6.0,Detroit,68.0,14.0,27.0,6,15.0,3.0
Washington,76.0,2021-01-16,15.0,UCLA,81.0,30.0,26.0,14,27.0,5.0
American,86.0,2021-01-16,8.5,Navy,87.0,112.0,414.0,7,8.0,1.0
North Dakota St.,78.0,2021-01-16,-6.0,North Dakota,82.0,-10.0,-6.0,-6,-15.0,4.0
Tarleton St.,67.0,2021-01-16,5.5,Cal Baptist,73.0,10.0,12.0,5,5.0,6.0
Vanderbilt,61.0,2021-01-16,18.0,Tennessee,81.0,21.0,17.0,17,12.0,20.0
North Florida,72.0,2021-01-16,7.0,Lipscomb,67.0,12.0,13.0,7,4.0,-5.0
McNeese St.,84.0,2021-01-16,5.0,New Orleans,99.0,12.0,21.0,6,15.0,15.0
UMass Lowell,92.0,2021-01-16,-5.5,Binghamton,78.0,-8.0,-14.0,-6,6.0,-14.0
Coppin St.,72.0,2021-01-16,7.5,Morgan St.,92.0,12.0,14.0,6,12.0,20.0
New Mexico,54.0,2021-01-16,10.5,UNLV,77.0,17.0,20.0,10,2.0,23.0
Grambling St.,78.0,2021-01-16,6.5,Texas Southern,72.0,9.0,10.0,7,7.0,-6.0
William & Mary,58.0,2021-01-16,8.0,Drexel,82.0,12.0,9.0,9,7.0,24.0
Portland St.,64.0,2021-01-16,6.5,Montana St.,69.0,3.0,3.0,9,11.0,5.0
Oral Roberts,91.0,2021-01-16,-10.0,Denver,82.0,-8.0,-2.0,-10,5.0,-9.0
Kansas St.,67.0,2021-01-16,17.0,Texas,82.0,21.0,15.0,19,7.0,15.0
North Alabama,66.0,2021-01-16,-6.0,Kennesaw St.,64.0,-15.0,-22.0,-7,-21.0,-2.0
Northern Colorado,75.0,2021-01-16,-8.5,Idaho,61.0,-10.0,-13.0,-8,-9.0,-14.0
Fairfield,55.0,2021-01-16,5.5,Marist,52.0,7.0,3.0,7,9.0,-3.0
Evansville,60.0,2021-01-16,8.5,Bradley,69.0,17.0,24.0,10,9.0,9.0
Stephen F. Austin,83.0,2021-01-16,-12.5,Incarnate Word,65.0,-13.0,-14.0,-10,-1.0,-18.0
Alabama St.,63.0,2021-01-16,7.5,Alabama A&M,70.0,-7.0,-16.0,7,-1.0,7.0
Portland,65.0,2021-01-16,13.0,Pepperdine,80.0,19.0,23.0,12,12.0,15.0
Dixie St.,65.0,2021-01-16,10.0,UT Rio Grande Valley,72.0,15.0,20.0,10,23.0,7.0
Norfolk St.,87.0,2021-01-16,-10.0,Delaware St.,76.0,-12.0,-13.0,-9,2.0,-11.0
Arkansas Pine Bluff,53.0,2021-01-16,10.0,Southern,88.0,12.0,16.0,10,10.0,35.0
UC Riverside,70.0,2021-01-16,-10.0,Cal Poly,53.0,-17.0,-23.0,-11,-20.0,-17.0
Murray St.,79.0,2021-01-16,-12.0,Tennessee Martin,57.0,-8.0,-7.0,-12,-9.0,-22.0
Northern Illinois,58.0,2021-01-16,10.5,Ball St.,78.0,15.0,22.0,12,6.0,20.0
Northern Arizona,62.0,2021-01-16,12.5,Montana,58.0,14.0,13.0,11,6.0,-4.0
Colorado St.,88.0,2021-01-16,-19.5,San Jose St.,61.0,-15.0,-16.0,-18,-30.0,-27.0
Southeastern Louisiana,42.0,2021-01-16,15.5,Abilene Christian,76.0,16.0,20.0,16,9.0,34.0
Mississippi Valley St.,59.0,2021-01-16,15.5,Alcorn St.,71.0,25.0,35.0,15,7.0,12.0
Maine,30.0,2021-01-16,17.0,Vermont,65.0,18.0,16.0,17,6.0,35.0
Holy Cross,55.0,2021-01-16,19.0,Colgate,95.0,16.0,7.0,19,8.0,40.0
Penn St.,72.0,2021-01-17,5.0,Purdue,80.0,8.0,6.0,4,4.0,8.0
Iowa,96.0,2021-01-17,-10.0,Northwestern,73.0,-5.0,-6.0,-8,-6.0,-23.0
Memphis,57.0,2021-01-17,-1.5,Tulsa,58.0,-2.0,-4.0,1,4.0,1.0
Western Kentucky,69.0,2021-01-17,3.0,Marshall,67.0,0.0,1.0,4,-1.0,-2.0
Virginia Tech,64.0,2021-01-17,-7.0,Wake Forest,60.0,-9.0,-6.0,-8,-3.0,-4.0
Santa Clara,69.0,2021-01-17,-3.5,San Diego,63.0,-3.0,-8.0,-2,-6.0,-6.0
UCF,58.0,2021-01-17,14.0,Houston,75.0,20.0,25.0,13,4.0,17.0
Lafayette,72.0,2021-01-17,1.0,Loyola MD,70.0,0.0,8.0,-1,-0.0,-2.0
Dayton,67.0,2021-01-17,-7.5,George Washington,54.0,-9.0,-9.0,-8,-9.0,-13.0
Northern Iowa,46.0,2021-01-17,10.5,Loyola Chicago,88.0,11.0,8.0,11,10.0,42.0
Hofstra,68.0,2021-01-17,-3.5,Delaware,67.0,-2.0,-1.0,-1,11.0,-1.0
Fresno St.,65.0,2021-01-17,6.5,Nevada,79.0,4.0,5.0,8,12.0,14.0
Indiana St.,74.0,2021-01-17,-5.5,Illinois St.,68.0,-5.0,-6.0,-5,-3.0,-6.0
Army,76.0,2021-01-17,-4.0,Boston University,65.0,-2.0,-3.0,-1,-13.0,-11.0
Massachusetts,65.0,2021-01-17,-8.5,Fordham,46.0,-9.0,-5.0,-7,2.0,-19.0
New Hampshire,67.0,2021-01-17,1.5,Stony Brook,64.0,-3.0,-3.0,1,-5.0,-3.0
Hartford,49.0,2021-01-17,6.0,UMBC,57.0,5.0,3.0,4,-2.0,8.0
Sacramento St.,56.0,2021-01-17,2.0,Idaho St.,57.0,3.0,9.0,-1,4.0,1.0
Cal St. Northridge,77.0,2021-01-17,2.0,Cal St. Fullerton,85.0,-2.0,-2.0,-1,-1.0,8.0
Bucknell,77.0,2021-01-17,-1.0,Lehigh,61.0,3.0,4.0,1,-4.0,-16.0
American,59.0,2021-01-17,5.5,Navy,71.0,13.0,5.0,6,-14.0,12.0
UMass Lowell,77.0,2021-01-17,-6.0,Binghamton,67.0,-10.0,-11.0,-7,-7.0,-10.0
Coppin St.,89.0,2021-01-17,8.5,Morgan St.,79.0,15.0,19.0,9,22.0,-10.0
Evansville,55.0,2021-01-17,8.5,Bradley,86.0,13.0,16.0,11,9.0,31.0
Tarleton St.,79.0,2021-01-17,12.0,Weber St.,94.0,9.0,8.0,8,5.0,15.0
Norfolk St.,83.0,2021-01-17,-10.0,Delaware St.,79.0,-9.0,-9.0,-10,-7.0,-4.0
Maine,60.0,2021-01-17,18.0,Vermont,88.0,20.0,19.0,17,12.0,28.0
Holy Cross,87.0,2021-01-17,20.0,Colgate,96.0,26.0,23.0,20,28.0,9.0
Florida St.,78.0,2021-01-18,2.5,Louisville,65.0,3.0,3.0,1,-2.0,-13.0
Kansas,69.0,2021-01-18,8.5,Baylor,77.0,13.0,11.0,10,3.0,8.0
St. John's,74.0,2021-01-18,7.0,Connecticut,70.0,14.0,15.0,10,10.0,-4.0
Saint Joseph's,83.0,2021-01-18,2.0,La Salle,90.0,4.0,2.0,2,11.0,7.0
UNC Wilmington,69.0,2021-01-18,-2.0,Towson,72.0,1.0,3.0,-1,-6.0,3.0
Western Carolina,78.0,2021-01-18,-2.0,Samford,82.0,-2.0,-3.0,-2,9.0,4.0
Wyoming,77.0,2021-01-18,-3.0,Air Force,58.0,1.0,3.0,-1,7.0,-19.0
Sacramento St.,70.0,2021-01-18,1.5,Idaho St.,65.0,2.0,6.0,1,-13.0,-5.0
VMI,81.0,2021-01-18,7.5,East Tennessee St.,92.0,8.0,9.0,7,10.0,11.0
Grambling St.,50.0,2021-01-18,5.0,Prairie View A&M,59.0,3.0,6.0,3,3.0,9.0
Arkansas Pine Bluff,48.0,2021-01-18,3.5,Alcorn St.,82.0,4.0,8.0,3,19.0,34.0
New Mexico,46.0,2021-01-18,12.0,UNLV,53.0,16.0,18.0,11,11.0,7.0
The Citadel,73.0,2021-01-18,13.5,UNC Greensboro,87.0,16.0,16.0,14,8.0,14.0
Mississippi Valley St.,61.0,2021-01-18,22.5,Southern,102.0,29.0,33.0,22,14.0,41.0
Alabama,105.0,2021-01-19,1.0,LSU,75.0,3.0,4.0,1,9.0,-30.0
Tennessee,49.0,2021-01-19,-7.0,Florida,75.0,-2.0,-1.0,-3,11.0,26.0
Purdue,67.0,2021-01-19,4.5,Ohio St.,65.0,5.0,6.0,4,5.0,-2.0
Duke,73.0,2021-01-19,-3.5,Pittsburgh,79.0,-4.0,-9.0,-3,7.0,6.0
Mississippi,64.0,2021-01-19,2.5,Mississippi St.,46.0,3.0,2.0,1,3.0,-18.0
South Carolina,70.0,2021-01-19,5.5,Missouri,81.0,3.0,4.0,5,6.0,11.0
Penn St.,65.0,2021-01-19,9.0,Illinois,79.0,12.0,11.0,8,4.0,14.0
Maryland,63.0,2021-01-19,10.0,Michigan,87.0,12.0,11.0,9,14.0,24.0
Miami FL,57.0,2021-01-19,4.5,Syracuse,83.0,6.0,6.0,6,10.0,26.0
Colorado St.,64.0,2021-01-19,8.0,Utah St.,83.0,7.0,5.0,6,6.0,19.0
Butler,67.0,2021-01-19,-0.5,DePaul,53.0,1.0,6.0,2,8.0,-14.0
Buffalo,81.0,2021-01-19,4.0,Kent St.,84.0,3.0,5.0,2,0.0,3.0
Akron,69.0,2021-01-19,5.0,Bowling Green,57.0,5.0,2.0,5,-4.0,-12.0
USC,56.0,2021-01-19,-10.0,Oregon St.,58.0,-12.0,-13.0,-11,-7.0,2.0
Ball St.,71.0,2021-01-19,-3.0,Miami OH,81.0,-2.0,-2.0,-3,-3.0,10.0
UNC Wilmington,74.0,2021-01-19,-1.5,Towson,78.0,3.0,3.0,-1,-6.0,4.0
UNC Asheville,79.0,2021-01-19,-0.5,Gardner Webb,75.0,2.0,-1.0,3,-2.0,-4.0
Radford,97.0,2021-01-19,-1.0,Campbell,91.0,-3.0,-4.0,1,-2.0,-6.0
San Diego,69.0,2021-01-19,9.5,Loyola Marymount,72.0,12.0,14.0,7,3.0,3.0
High Point,54.0,2021-01-19,1.0,Longwood,75.0,-1.0,-4.0,1,-9.0,21.0
USC Upstate,,2021-01-19,-1.0,Charleston Southern,,-2.0,-1.0,-1,6.0,
Kansas St.,50.0,2021-01-19,14.0,Oklahoma,76.0,18.0,17.0,14,20.0,26.0
Southeast Missouri St.,63.0,2021-01-19,4.5,Tennessee St.,59.0,-0.0,-3.0,4,-1.0,-4.0
Central Michigan,72.0,2021-01-19,15.0,Toledo,89.0,20.0,21.0,15,6.0,17.0
Winthrop,72.0,2021-01-19,-16.0,Presbyterian,58.0,-19.0,-21.0,-17,-10.0,-14.0
Clemson,65.0,2021-01-20,-1.5,Georgia Tech,83.0,0.0,2.0,-1,10.0,18.0
VCU,54.0,2021-01-20,2.0,St. Bonaventure,70.0,5.0,7.0,3,7.0,16.0
Kentucky,62.0,2021-01-20,-3.5,Georgia,63.0,-1.0,3.0,-3,3.0,1.0
Auburn,73.0,2021-01-20,6.5,Arkansas,75.0,6.0,10.0,6,9.0,2.0
Providence,74.0,2021-01-20,9.0,Creighton,70.0,12.0,13.0,9,6.0,-4.0
Rhode Island,69.0,2021-01-20,-4.5,Duquesne,71.0,-4.0,-1.0,-3,3.0,2.0
Northwestern,52.0,2021-01-20,11.0,Wisconsin,68.0,14.0,12.0,10,4.0,16.0
Tulsa,59.0,2021-01-20,12.5,Houston,86.0,18.0,22.0,12,15.0,27.0
Colorado,80.0,2021-01-20,-13.0,Washington,84.0,-13.0,-14.0,-12,-6.0,4.0
East Tennessee St.,59.0,2021-01-20,-1.5,Western Carolina,48.0,-2.0,1.0,-1,-4.0,-11.0
Abilene Christian,57.0,2021-01-20,-2.5,Sam Houston St.,64.0,-5.0,-4.0,-4,-10.0,7.0
UNC Asheville,57.0,2021-01-20,1.0,Gardner Webb,84.0,1.0,2.0,2,-9.0,27.0
Chattanooga,70.0,2021-01-20,1.0,Samford,64.0,-1.0,3.0,-2,4.0,-6.0
Wake Forest,73.0,2021-01-20,11.5,North Carolina,80.0,14.0,14.0,12,6.0,7.0
Saint Joseph's,85.0,2021-01-20,8.0,George Mason,87.0,10.0,14.0,6,8.0,2.0
Radford,67.0,2021-01-20,-2.0,Campbell,61.0,-5.0,-6.0,1,-1.0,-6.0
Mercer,83.0,2021-01-20,-7.5,The Citadel,63.0,-9.0,-10.0,-6,-0.0,-20.0
Furman,73.0,2021-01-20,-11.5,VMI,74.0,-10.0,-9.0,-10,-3.0,1.0
Loyola Chicago,75.0,2021-01-20,-11.5,Valparaiso,39.0,-15.0,-15.0,-11,-13.0,-36.0
Southeastern Louisiana,92.0,2021-01-20,2.5,McNeese St.,88.0,1.0,3.0,1,0.0,-4.0
High Point,54.0,2021-01-20,-2.0,Longwood,67.0,2.0,0.0,3,9.0,13.0
Bradley,56.0,2021-01-20,-9.0,Illinois St.,71.0,-10.0,-16.0,-8,-5.0,15.0
Texas A&M Corpus Chris,68.0,2021-01-20,4.0,New Orleans,87.0,3.0,5.0,3,12.0,19.0
Fresno St.,51.0,2021-01-20,14.0,Boise St.,73.0,12.0,11.0,13,21.0,22.0
Nicholls St.,92.0,2021-01-20,-8.0,Houston Baptist,83.0,-9.0,-9.0,-8,-1.0,-9.0
Northwestern St.,74.0,2021-01-20,15.5,Stephen F. Austin,86.0,18.0,22.0,12,23.0,12.0
Fordham,58.0,2021-01-20,18.0,Davidson,73.0,21.0,20.0,15,15.0,15.0
Winthrop,78.0,2021-01-20,-16.0,Presbyterian,66.0,-19.0,-23.0,-16,-6.0,-12.0
USC,,2021-01-21,-5.0,Stanford,,1.0,-1.0,-2,2.0,
Arizona,84.0,2021-01-21,-2.5,Arizona St.,82.0,-4.0,-3.0,-3,0.0,-2.0
Indiana,81.0,2021-01-21,9.5,Iowa,69.0,12.0,12.0,10,13.0,-12.0
Wichita St.,52.0,2021-01-21,2.5,Memphis,72.0,8.0,10.0,2,-4.0,20.0
Colorado St.,84.0,2021-01-21,7.5,Utah St.,76.0,9.0,9.0,7,7.0,-8.0
Utah,71.0,2021-01-21,-2.0,Washington St.,56.0,-0.0,-4.0,-3,5.0,-15.0
Saint Mary's,65.0,2021-01-21,-2.5,Loyola Marymount,61.0,-1.0,-3.0,-1,1.0,-4.0
San Francisco,73.0,2021-01-21,-4.0,Santa Clara,50.0,-2.0,-3.0,-2,-1.0,-23.0
Pacific,68.0,2021-01-21,3.0,Pepperdine,85.0,-1.0,1.0,1,-13.0,17.0
UCLA,61.0,2021-01-21,-9.0,California,57.0,-11.0,-8.0,-8,-3.0,-4.0
Bowling Green,77.0,2021-01-21,-4.5,Miami OH,96.0,-1.0,1.0,-3,-3.0,19.0
Eastern Washington,76.0,2021-01-21,-3.5,Northern Colorado,78.0,-3.0,-3.0,-4,-1.0,2.0
Southern Utah,67.0,2021-01-21,2.5,Weber St.,91.0,-3.0,-3.0,-1,2.0,24.0
Montana,78.0,2021-01-21,-1.5,Sacramento St.,66.0,2.0,3.0,-1,7.0,-12.0
Idaho St.,64.0,2021-01-21,3.0,Portland St.,57.0,-2.0,2.0,1,16.0,-7.0
St. Francis PA,76.0,2021-01-21,-0.5,Sacred Heart,58.0,-0.0,-3.0,-1,18.0,-18.0
Montana St.,62.0,2021-01-21,-6.5,Northern Arizona,51.0,-2.0,-0.0,-5,-1.0,-11.0
San Jose St.,51.0,2021-01-21,6.5,New Mexico,67.0,11.0,11.0,4,4.0,16.0
Jacksonville St.,85.0,2021-01-21,6.0,Murray St.,82.0,8.0,9.0,8,6.0,-3.0
SIU Edwardsville,67.0,2021-01-21,3.0,Tennessee St.,65.0,5.0,8.0,3,12.0,-2.0
Mount St. Mary's,67.0,2021-01-21,-4.5,Central Connecticut,57.0,-7.0,-7.0,-4,-7.0,-10.0
Eastern Michigan,77.0,2021-01-21,11.0,Buffalo,92.0,13.0,14.0,10,6.0,15.0
Central Michigan,67.0,2021-01-21,11.0,Akron,81.0,12.0,13.0,10,15.0,14.0
Eastern Illinois,66.0,2021-01-21,12.0,Belmont,79.0,12.0,10.0,12,10.0,13.0
Southeast Missouri St.,65.0,2021-01-21,5.5,Morehead St.,76.0,6.0,3.0,8,9.0,11.0
Tennessee Tech,69.0,2021-01-21,11.5,Austin Peay,72.0,12.0,14.0,11,2.0,3.0
Tennessee Martin,73.0,2021-01-21,14.5,Eastern Kentucky,113.0,15.0,13.0,16,8.0,40.0
Portland,67.0,2021-01-21,22.5,BYU,95.0,24.0,24.0,21,20.0,28.0
Kansas,68.0,2021-01-23,-1.0,Oklahoma,75.0,,,1,,7.0
Ohio St.,74.0,2021-01-23,5.0,Wisconsin,62.0,,,4,,-12.0
Duke,65.0,2021-01-23,3.0,Louisville,70.0,,,1,,5.0
UCLA,72.0,2021-01-23,-4.5,Stanford,73.0,,,-1,,1.0
Virginia Tech,60.0,2021-01-23,1.0,Syracuse,78.0,,,1,,18.0
LSU,69.0,2021-01-23,1.5,Kentucky,82.0,,,-1,,13.0
Baylor,81.0,2021-01-23,-9.0,Oklahoma St.,66.0,,,-9,,-15.0
Missouri,73.0,2021-01-23,7.0,Tennessee,64.0,,,6,,-9.0
Maryland,63.0,2021-01-23,6.0,Minnesota,49.0,,,6,,-14.0
Clemson,61.0,2021-01-23,6.0,Florida St.,80.0,,,6,,19.0
Auburn,109.0,2021-01-23,2.0,South Carolina,86.0,,,3,,-23.0
N.C. State,76.0,2021-01-23,6.0,North Carolina,86.0,,,5,,10.0
Florida,92.0,2021-01-23,-4.0,Georgia,84.0,,,-6,,-8.0
SMU,78.0,2021-01-23,-4.0,UCF,65.0,,,-3,,-13.0
Northwestern,78.0,2021-01-23,5.5,Penn St.,81.0,,,6,,3.0
Dayton,43.0,2021-01-23,6.0,VCU,66.0,,,3,,23.0
St. Bonaventure,65.0,2021-01-23,-5.5,Duquesne,61.0,,,-3,,-4.0
Saint Mary's,67.0,2021-01-23,2.0,San Francisco,63.0,,,3,,-4.0
Providence,56.0,2021-01-23,11.5,Villanova,71.0,,,10,,15.0
Pittsburgh,75.0,2021-01-23,-1.5,Wake Forest,76.0,,,-4,,1.0
Georgia Tech,62.0,2021-01-23,8.0,Virginia,64.0,,,9,,2.0
Furman,62.0,2021-01-23,-4.5,East Tennessee St.,71.0,,,-3,,9.0
Arkansas,92.0,2021-01-23,-8.0,Vanderbilt,71.0,,,-8,,-21.0
Kent St.,74.0,2021-01-23,4.0,Toledo,76.0,,,7,,2.0
DePaul,68.0,2021-01-23,9.0,Marquette,61.0,,,8,,-7.0
Louisiana Tech,73.0,2021-01-23,-1.0,UTEP,55.0,,,-2,,-18.0
Mississippi St.,73.0,2021-01-23,9.5,Alabama,81.0,,,12,,8.0
USC,76.0,2021-01-23,-8.5,California,68.0,,,-9,,-8.0
Colorado,70.0,2021-01-23,-10.0,Washington St.,59.0,,,-10,,-11.0
Texas A&M,50.0,2021-01-23,8.5,Mississippi,61.0,,,8,,11.0
Cal St. Bakersfield,63.0,2021-01-23,2.5,UC Riverside,70.0,,,2,,7.0
UNC Greensboro,74.0,2021-01-23,-3.5,Chattanooga,66.0,,,-3,,-8.0
Georgia St.,61.0,2021-01-23,-3.5,Appalachian St.,74.0,,,-3,,13.0
George Mason,71.0,2021-01-23,-3.5,Saint Joseph's,62.0,,,-1,,-9.0
Santa Clara,72.0,2021-01-23,4.0,Loyola Marymount,69.0,,,5,,-3.0
Little Rock,61.0,2021-01-23,-1.5,UT Arlington,66.0,,,-1,,5.0
Eastern Washington,82.0,2021-01-23,-4.0,Northern Colorado,76.0,,,-3,,-6.0
Houston,68.0,2021-01-23,-12.0,Temple,51.0,,,-14,,-17.0
Weber St.,72.0,2021-01-23,1.0,Southern Utah,77.0,,,2,,5.0
Charlotte,74.0,2021-01-23,1.5,Florida Atlantic,71.0,,,1,,-3.0
Pepperdine,54.0,2021-01-23,11.5,BYU,65.0,,,11,,11.0
West Virginia,69.0,2021-01-23,-11.0,Kansas St.,47.0,,,-12,,-22.0
Miami OH,85.0,2021-01-23,-2.0,Eastern Michigan,63.0,,,-1,,-22.0
Detroit,82.0,2021-01-23,2.0,Oakland,72.0,,,1,,-10.0
Marshall,89.0,2021-01-23,-9.5,FIU,72.0,,,-8,,-17.0
UC Davis,78.0,2021-01-23,1.5,UC San Diego,71.0,,,2,,-7.0
Army,62.0,2021-01-23,3.0,Navy,69.0,,,4,,7.0
Jacksonville St.,76.0,2021-01-23,3.5,Austin Peay,70.0,,,3,,-6.0
Montana,83.0,2021-01-23,-2.5,Sacramento St.,89.0,,,-2,,6.0
Purdue Fort Wayne,72.0,2021-01-23,2.0,Green Bay,87.0,,,1,,15.0
Valparaiso,69.0,2021-01-23,2.0,Illinois St.,60.0,,,1,,-9.0
Illinois Chicago,77.0,2021-01-23,1.5,Youngstown St.,85.0,,,1,,8.0
Long Beach St.,75.0,2021-01-23,3.5,Cal Baptist,96.0,,,1,,21.0
Hawaii,76.0,2021-01-23,-1.5,Cal St. Fullerton,53.0,,,-1,,-23.0
Stetson,65.0,2021-01-23,2.5,Bellarmine,76.0,,,2,,11.0
Northern Kentucky,79.0,2021-01-23,1.5,Robert Morris,74.0,,,1,,-5.0
Loyola MD,70.0,2021-01-23,-1.0,American,71.0,,,2,,1.0
San Diego,78.0,2021-01-23,-3.0,Portland,70.0,,,-4,,-8.0
VMI,80.0,2021-01-23,9.0,Mercer,83.0,,,7,,3.0
Niagara,69.0,2021-01-23,0.5,Quinnipiac,78.0,,,-1,,9.0
Albany,64.0,2021-01-23,2.0,New Hampshire,71.0,,,3,,7.0
Towson,58.0,2021-01-23,6.0,Hofstra,71.0,,,5,,13.0
Georgia Southern,48.0,2021-01-23,1.5,South Alabama,62.0,,,4,,14.0
Idaho St.,43.0,2021-01-23,2.5,Portland St.,69.0,,,-1,,26.0
Florida Gulf Coast,56.0,2021-01-23,5.0,Lipscomb,71.0,,,4,,15.0
Eastern Illinois,54.0,2021-01-23,-2.5,Tennessee St.,65.0,,,-2,,11.0
Southern Miss,72.0,2021-01-23,5.5,UTSA,78.0,,,5,,6.0
Lehigh,75.0,2021-01-23,0.5,Holy Cross,72.0,,,-1,,-3.0
Delaware,70.0,2021-01-23,4.0,UNC Wilmington,77.0,,,5,,7.0
Northwestern St.,73.0,2021-01-23,1.0,Southeastern Louisiana,68.0,,,1,,-5.0
Akron,79.0,2021-01-23,-7.5,Western Michigan,68.0,,,-7,,-11.0
Milwaukee,81.0,2021-01-23,3.5,Cleveland St.,80.0,,,6,,-1.0
Western Carolina,78.0,2021-01-23,8.0,Wofford,91.0,,,8,,13.0
McNeese St.,74.0,2021-01-23,2.5,Houston Baptist,71.0,,,3,,-3.0
Texas A&M Corpus Chris,53.0,2021-01-23,1.0,Incarnate Word,72.0,,,1,,19.0
Oregon St.,75.0,2021-01-23,8.5,Oregon,64.0,,,15,,-11.0
Norfolk St.,71.0,2021-01-23,-2.5,Coppin St.,81.0,,,-4,,10.0
Jackson St.,75.0,2021-01-23,2.5,Grambling St.,61.0,,,2,,-14.0
Rice,74.0,2021-01-23,9.5,UAB,86.0,,,10,,12.0
James Madison,63.0,2021-01-23,4.5,Northeastern,72.0,,,8,,9.0
Western Kentucky,82.0,2021-01-23,-10.5,Middle Tennessee,67.0,,,-9,,-15.0
Montana St.,58.0,2021-01-23,-6.0,Northern Arizona,53.0,,,-5,,-5.0
Alcorn St.,57.0,2021-01-23,-2.5,Alabama St.,52.0,,,-2,,-5.0
Boston University,81.0,2021-01-23,7.0,Lafayette,76.0,,,6,,-5.0
San Jose St.,83.0,2021-01-23,10.0,New Mexico,71.0,,,5,,-12.0
New Orleans,62.0,2021-01-23,9.0,Nicholls St.,86.0,,,7,,24.0
Texas St.,69.0,2021-01-23,-5.5,Louisiana Monroe,63.0,,,-7,,-6.0
Pacific,49.0,2021-01-23,26.0,Gonzaga,95.0,,,23,,46.0
Grand Canyon,81.0,2021-01-23,-10.0,Dixie St.,46.0,,,-9,,-35.0
La Salle,84.0,2021-01-23,14.5,Richmond,78.0,,,14,,-6.0
UC Santa Barbara,80.0,2021-01-23,-12.5,Cal St. Northridge,66.0,,,-11,,-14.0
Arkansas St.,74.0,2021-01-23,10.0,Louisiana,77.0,,,10,,3.0
Wright St.,100.0,2021-01-23,-14.5,IUPUI,72.0,,,-14,,-28.0
Troy,65.0,2021-01-23,10.5,Coastal Carolina,70.0,,,10,,5.0
Central Arkansas,58.0,2021-01-23,13.0,Abilene Christian,93.0,,,12,,35.0
Bucknell,,2021-01-23,14.0,Colgate,,,,13,,
Texas Southern,66.0,2021-01-23,-10.0,Arkansas Pine Bluff,57.0,,,-10,,-9.0
Utah Valley,78.0,2021-01-23,15.0,St. John's,96.0,,,15,,18.0
Kennesaw St.,65.0,2021-01-23,9.5,North Florida,68.0,,,10,,3.0
Tennessee Tech,63.0,2021-01-23,13.0,Murray St.,72.0,,,12,,9.0
Lamar,72.0,2021-01-23,13.5,Stephen F. Austin,102.0,,,12,,30.0
Denver,58.0,2021-01-23,14.0,North Dakota St.,84.0,,,14,,26.0
Tennessee Martin,44.0,2021-01-23,12.0,Morehead St.,76.0,,,13,,32.0
SIU Edwardsville,62.0,2021-01-23,16.5,Belmont,114.0,,,17,,52.0
Cal Poly,44.0,2021-01-23,16.0,UC Irvine,67.0,,,18,,23.0
Prairie View A&M,77.0,2021-01-23,-19.5,Mississippi Valley St.,31.0,,,-17,,-46.0
Davidson,69.0,2021-01-24,-2.5,Massachusetts,60.0,-3.0,-3.0,-1,2.0,-9.0
Notre Dame,73.0,2021-01-24,3.5,Miami FL,59.0,2.0,2.0,2,2.0,-14.0
Loyola Chicago,69.0,2021-01-24,-7.5,Bradley,56.0,-8.0,-9.0,-7,-0.0,-13.0
Utah,79.0,2021-01-24,-5.0,Washington,83.0,-6.0,-9.0,-4,5.0,4.0
Memphis,80.0,2021-01-24,-6.0,East Carolina,53.0,-7.0,-8.0,-5,-2.0,-27.0
Nevada,88.0,2021-01-24,-4.0,Wyoming,93.0,-7.0,-9.0,-4,2.0,5.0
Army,87.0,2021-01-24,2.5,Navy,78.0,5.0,5.0,4,12.0,-9.0
Valparaiso,70.0,2021-01-24,1.0,Illinois St.,66.0,-1.0,-6.0,1,-9.0,-4.0
Radford,68.0,2021-01-24,3.0,UNC Asheville,76.0,2.0,3.0,1,-1.0,8.0
American,81.0,2021-01-24,4.5,Loyola MD,79.0,4.0,6.0,2,14.0,-2.0
Albany,83.0,2021-01-24,2.0,New Hampshire,64.0,6.0,8.0,3,2.0,-19.0
Lehigh,82.0,2021-01-24,1.0,Holy Cross,74.0,-1.0,-2.0,-1,-2.0,-8.0
Delaware,67.0,2021-01-24,4.5,UNC Wilmington,62.0,4.0,1.0,5,8.0,-5.0
Boston University,64.0,2021-01-24,5.5,Lafayette,61.0,5.0,0.0,6,4.0,-3.0
UMKC,81.0,2021-01-24,6.0,Oral Roberts,76.0,5.0,3.0,6,10.0,-5.0
James Madison,79.0,2021-01-24,5.5,Northeastern,72.0,11.0,10.0,8,8.0,-7.0
Western Kentucky,68.0,2021-01-24,-10.0,Middle Tennessee,52.0,-12.0,-11.0,-11,-11.0,-16.0
Presbyterian,57.0,2021-01-24,5.0,High Point,81.0,8.0,9.0,7,15.0,24.0
San Diego St.,91.0,2021-01-24,-16.0,Air Force,59.0,-22.0,-24.0,-15,-10.0,-32.0
Delaware St.,83.0,2021-01-24,13.5,Morgan St.,99.0,14.0,13.0,12,16.0,16.0
Fordham,42.0,2021-01-24,17.0,Rhode Island,52.0,19.0,22.0,17,21.0,10.0
Texas Tech,87.0,2021-01-25,2.0,West Virginia,88.0,3.0,3.0,2,12.0,1.0
Syracuse,58.0,2021-01-25,7.5,Virginia,81.0,9.0,7.0,7,3.0,23.0
Oklahoma St.,81.0,2021-01-25,-2.5,Iowa St.,60.0,-6.0,-6.0,-4,0.0,-21.0
Arizona St.,67.0,2021-01-25,5.0,Arizona,80.0,8.0,8.0,7,5.0,13.0
Utah St.,56.0,2021-01-25,-6.0,UNLV,59.0,-8.0,-8.0,-6,-5.0,3.0
Loyola Chicago,65.0,2021-01-25,-7.0,Bradley,58.0,-9.0,-9.0,-7,-1.0,-7.0
UNC Greensboro,,2021-01-25,4.5,Furman,,7.0,9.0,5,-8.0,
Southern Illinois,66.0,2021-01-25,7.0,Indiana St.,69.0,7.0,8.0,5,6.0,3.0
Radford,73.0,2021-01-25,3.0,UNC Asheville,63.0,2.0,1.0,2,5.0,-10.0
Alcorn St.,,2021-01-25,4.5,Alabama A&M,,6.0,8.0,4,12.0,
Loyola Marymount,75.0,2021-01-25,-10.0,Portland,50.0,-14.0,-17.0,-9,-8.0,-25.0
Prairie View A&M,73.0,2021-01-25,-9.0,Arkansas Pine Bluff,56.0,-7.0,-7.0,-8,-16.0,-17.0
Southern,64.0,2021-01-25,-8.5,Alabama St.,66.0,-10.0,-7.0,-8,-14.0,2.0
Presbyterian,71.0,2021-01-25,8.0,High Point,56.0,10.0,10.0,9,10.0,-15.0
Missouri,82.0,2021-01-26,2.5,Auburn,88.0,0.0,-2.0,-1,11.0,6.0
Oklahoma,80.0,2021-01-26,4.5,Texas,79.0,7.0,7.0,6,-0.0,-1.0
North Carolina,75.0,2021-01-26,-2.5,Pittsburgh,65.0,-1.0,-1.0,-1,14.0,-10.0
SMU,72.0,2021-01-26,2.5,Memphis,76.0,4.0,2.0,2,5.0,4.0
Georgia Tech,68.0,2021-01-26,6.0,Duke,75.0,8.0,12.0,5,4.0,7.0
Kentucky,59.0,2021-01-26,7.5,Alabama,70.0,9.0,6.0,9,17.0,11.0
Drake,68.0,2021-01-26,-4.0,Missouri St.,61.0,-5.0,-5.0,-4,-12.0,-7.0
LSU,78.0,2021-01-26,-5.0,Texas A&M,66.0,-4.0,-4.0,-6,6.0,-12.0
Dayton,76.0,2021-01-26,9.0,Saint Louis,71.0,11.0,13.0,8,8.0,-5.0
Butler,51.0,2021-01-26,6.0,Connecticut,63.0,10.0,10.0,8,3.0,12.0
Tulsa,67.0,2021-01-26,1.0,Temple,76.0,-2.0,-3.0,-3,-3.0,9.0
Mississippi St.,53.0,2021-01-26,9.5,Tennessee,56.0,12.0,12.0,9,-7.0,3.0
Toledo,90.0,2021-01-26,-4.5,Miami OH,81.0,-5.0,-4.0,-5,1.0,-9.0
Richmond,79.0,2021-01-26,-12.0,Saint Joseph's,56.0,-10.0,-12.0,-10,2.0,-23.0
Southern Illinois,59.0,2021-01-26,5.5,Indiana St.,71.0,6.0,4.0,5,2.0,12.0
Southeast Missouri St.,66.0,2021-01-26,-5.0,Tennessee Martin,69.0,-6.0,-8.0,-3,2.0,3.0
SIU Edwardsville,87.0,2021-01-26,6.0,Eastern Illinois,74.0,9.0,12.0,7,13.0,-13.0
Eastern Michigan,65.0,2021-01-26,11.0,Akron,86.0,11.0,11.0,11,9.0,21.0
Central Michigan,,2021-01-26,13.0,Buffalo,,15.0,15.0,13,14.0,
Western Michigan,58.0,2021-01-26,14.0,Ohio,81.0,11.0,8.0,11,14.0,23.0
Wisconsin,61.0,2021-01-27,-3.0,Maryland,55.0,-5.0,-5.0,-2,6.0,-6.0
Louisville,50.0,2021-01-27,1.5,Clemson,54.0,1.0,1.0,1,3.0,4.0
Mississippi,59.0,2021-01-27,4.5,Arkansas,74.0,3.0,2.0,3,2.0,15.0
Virginia Tech,62.0,2021-01-27,-0.5,Notre Dame,51.0,-5.0,-8.0,-1,5.0,-11.0
Boise St.,56.0,2021-01-27,-2.5,Colorado St.,78.0,-1.0,0.0,-1,-7.0,22.0
Penn St.,79.0,2021-01-27,7.5,Ohio St.,83.0,7.0,6.0,7,9.0,4.0
Marquette,63.0,2021-01-27,1.0,Providence,72.0,2.0,1.0,3,7.0,9.0
St. John's,81.0,2021-01-27,-0.5,DePaul,68.0,2.0,4.0,1,-0.0,-13.0
Georgia,59.0,2021-01-27,4.0,South Carolina,83.0,5.0,3.0,3,-0.0,24.0
Drake,78.0,2021-01-27,-4.0,Missouri St.,73.0,-6.0,-5.0,-5,-8.0,-5.0
Utah St.,83.0,2021-01-27,-6.5,UNLV,74.0,-8.0,-9.0,-5,-1.0,-9.0
BYU,73.0,2021-01-27,-6.0,Pepperdine,76.0,-10.0,-11.0,-7,-1.0,3.0
Bowling Green,91.0,2021-01-27,5.0,Kent St.,96.0,6.0,7.0,5,5.0,5.0
Wake Forest,67.0,2021-01-27,7.5,N.C. State,72.0,7.0,6.0,7,5.0,5.0
Rhode Island,73.0,2021-01-27,-7.0,La Salle,60.0,-10.0,-12.0,-8,-8.0,-13.0
Mercer,68.0,2021-01-27,5.0,UNC Greensboro,81.0,7.0,7.0,5,-1.0,13.0
East Carolina,64.0,2021-01-27,5.5,UCF,71.0,6.0,5.0,6,6.0,7.0
Stephen F. Austin,62.0,2021-01-27,2.5,Abilene Christian,82.0,8.0,11.0,5,8.0,20.0
Miami FL,59.0,2021-01-27,11.0,Florida St.,81.0,14.0,12.0,13,17.0,22.0
Western Carolina,61.0,2021-01-27,2.0,VMI,87.0,-1.0,-4.0,2,-1.0,26.0
Towson,63.0,2021-01-27,3.0,James Madison,78.0,4.0,4.0,3,6.0,15.0
New Orleans,73.0,2021-01-27,0.5,Northwestern St.,81.0,1.0,2.0,1,9.0,8.0
Central Arkansas,57.0,2021-01-27,-1.5,Southeastern Louisiana,69.0,-4.0,-5.0,-3,-2.0,12.0
Duquesne,86.0,2021-01-27,-7.0,Fordham,62.0,-8.0,-12.0,-7,-11.0,-24.0
Washington St.,58.0,2021-01-27,14.5,Colorado,70.0,15.0,14.0,15,17.0,12.0
Vanderbilt,71.0,2021-01-27,13.0,Florida,78.0,15.0,13.0,15,12.0,7.0
Houston Baptist,73.0,2021-01-27,2.5,Incarnate Word,57.0,3.0,-1.0,4,9.0,-16.0
Merrimack,68.0,2021-01-27,6.0,LIU,63.0,9.0,12.0,6,9.0,-5.0
Wofford,69.0,2021-01-27,-9.0,The Citadel,77.0,-11.0,-14.0,-10,-3.0,8.0
Sam Houston St.,75.0,2021-01-27,-9.0,Texas A&M Corpus Chris,70.0,-6.0,-2.0,-7,-1.0,-5.0
Kansas St.,59.0,2021-01-27,23.5,Baylor,107.0,30.0,28.0,25,15.0,48.0
McNeese St.,69.0,2021-01-27,14.0,Nicholls St.,76.0,15.0,16.0,14,6.0,7.0
Stanford,73.0,2021-01-28,8.5,Arizona,64.0,5.0,6.0,4,8.0,-9.0
Memphis,65.0,2021-01-28,4.0,SMU,67.0,3.0,6.0,2,8.0,2.0
TCU,51.0,2021-01-28,14.5,Kansas,59.0,14.0,13.0,12,5.0,8.0
North Texas,,2021-01-28,-7.0,Rice,,-7.0,-8.0,-5,-4.0,
UTEP,79.0,2021-01-28,1.0,UTSA,86.0,-0.0,0.0,1,2.0,7.0
California,68.0,2021-01-28,7.5,Arizona St.,72.0,9.0,11.0,9,4.0,4.0
Bradley,85.0,2021-01-28,-5.5,Valparaiso,91.0,-7.0,-10.0,-4,-8.0,6.0
Belmont,81.0,2021-01-28,-5.5,Austin Peay,76.0,-4.0,0.0,-6,-10.0,-5.0
Morehead St.,85.0,2021-01-28,4.5,Jacksonville St.,66.0,3.0,2.0,2,-0.0,-19.0
Oregon St.,62.0,2021-01-28,12.5,USC,75.0,17.0,17.0,13,16.0,13.0
Air Force,58.0,2021-01-28,-4.5,San Jose St.,59.0,0.0,-5.0,-1,8.0,1.0
SIU Edwardsville,62.0,2021-01-28,2.5,Southeast Missouri St.,64.0,2.0,6.0,1,2.0,2.0
Louisiana Tech,76.0,2021-01-28,-7.5,Southern Miss,63.0,-10.0,-9.0,-8,-11.0,-13.0
Northern Colorado,,2021-01-28,-4.0,Northern Arizona,,-5.0,-7.0,-3,-9.0,
Sacramento St.,,2021-01-28,10.0,Eastern Washington,,10.0,10.0,8,8.0,
UAB,70.0,2021-01-28,-10.5,Middle Tennessee,59.0,-10.0,-11.0,-9,-11.0,-11.0
Eastern Illinois,41.0,2021-01-28,-8.0,Tennessee Martin,51.0,-7.0,-11.0,-6,12.0,10.0
New Mexico,62.0,2021-01-28,7.0,Fresno St.,64.0,9.0,11.0,7,-4.0,2.0
Houston,83.0,2021-01-28,-17.5,Tulane,60.0,-21.0,-18.0,-17,-12.0,-23.0
Gonzaga,90.0,2021-01-28,-27.5,San Diego,62.0,-27.0,-28.0,-25,-12.0,-28.0
UNC Asheville,80.0,2021-01-28,12.0,Winthrop,84.0,16.0,18.0,12,11.0,4.0
Wyoming,57.0,2021-01-28,16.0,San Diego St.,87.0,22.0,25.0,16,14.0,30.0
Tennessee St.,53.0,2021-01-28,12.0,Murray St.,73.0,11.0,10.0,11,2.0,20.0
Weber St.,81.0,2021-01-28,-12.5,Idaho,56.0,-11.0,-9.0,-10,-12.0,-25.0
